fold,repeat,feature,feature_type,delta_auc,delta_accuracy,delta_brier
1,1,X,Kinematic,0.006944444444444531,-0.08333333333333337,-0.0024326827317477304
1,1,Y,Kinematic,0.05555555555555569,0.0,0.018562389537091273
1,1,Pressure,Kinematic,0.006944444444444531,-0.04166666666666663,0.003017913336023602
1,1,Azimuth,Kinematic,-0.006944444444444309,-0.04166666666666663,-0.0165030530861206
1,1,Tilt,Kinematic,0.0,-0.04166666666666663,0.0005114484451180998
1,1,PenStatus,Kinematic,0.0,0.0,-0.0003766489936672321
1,1,Vx,Kinematic,-0.006944444444444309,0.0,0.03105101215755053
1,1,Vy,Kinematic,0.0625,0.08333333333333337,0.10452377247524036
1,1,Ax,Kinematic,1.1102230246251565e-16,-0.04166666666666663,0.0010236404505843469
1,1,Ay,Kinematic,-0.01388888888888884,0.0,0.007993540718240301
1,1,Jx,Kinematic,0.0,0.0,0.0023435148626449118
1,1,Jy,Kinematic,-0.01388888888888884,-0.04166666666666663,-0.013726908507550116
1,1,Age,Demographic,0.0,0.0,0.00011926869239563959
1,1,Gender,Demographic,0.0,0.0,-4.67813955399507e-05
1,2,X,Kinematic,0.0,0.0,-0.006703906882005173
1,2,Y,Kinematic,0.13194444444444453,0.0,0.08037817407572989
1,2,Pressure,Kinematic,0.01388888888888895,0.0,0.021814271716996916
1,2,Azimuth,Kinematic,-0.006944444444444309,-0.04166666666666663,-0.012255843617762711
1,2,Tilt,Kinematic,0.01388888888888895,-0.04166666666666663,0.00830695562207983
1,2,PenStatus,Kinematic,0.0,-0.04166666666666663,0.004979801809297829
1,2,Vx,Kinematic,0.05555555555555558,0.125,0.1045465236032769
1,2,Vy,Kinematic,0.16666666666666674,0.16666666666666663,0.17517195661656434
1,2,Ax,Kinematic,-0.01388888888888884,-0.04166666666666663,-0.015769779896986247
1,2,Ay,Kinematic,-0.01388888888888884,0.0,0.01165923629800246
1,2,Jx,Kinematic,0.0,0.0,0.002117258393234185
1,2,Jy,Kinematic,-0.01388888888888884,-0.04166666666666663,-0.013177914536463782
1,2,Age,Demographic,0.0,0.0,-3.8026186724438027e-06
1,2,Gender,Demographic,0.0,0.0,0.0007098203957011939
1,3,X,Kinematic,0.01388888888888895,-0.04166666666666663,0.01115756779132926
1,3,Y,Kinematic,0.08333333333333337,0.0,0.06104242404031174
1,3,Pressure,Kinematic,0.01388888888888895,-0.04166666666666663,0.01567425585053618
1,3,Azimuth,Kinematic,-0.006944444444444309,-0.04166666666666663,-0.015567365116047172
1,3,Tilt,Kinematic,0.006944444444444531,-0.04166666666666663,0.0010246758210022758
1,3,PenStatus,Kinematic,0.0,0.0,0.0015595647827763223
1,3,Vx,Kinematic,0.03472222222222232,0.0,0.058186447034780306
1,3,Vy,Kinematic,0.125,0.125,0.14009057918965842
1,3,Ax,Kinematic,-0.006944444444444309,-0.04166666666666663,-0.004812258744592991
1,3,Ay,Kinematic,1.1102230246251565e-16,0.0,0.028704375331747467
1,3,Jx,Kinematic,0.01388888888888895,0.0,0.019449114029120626
1,3,Jy,Kinematic,-0.01388888888888884,-0.04166666666666663,-0.013911505390208544
1,3,Age,Demographic,0.0,0.0,0.0001229834960796497
1,3,Gender,Demographic,0.0,0.0,-1.9321234658718767e-05
1,4,X,Kinematic,0.006944444444444531,-0.08333333333333337,-0.003609110049697606
1,4,Y,Kinematic,0.0277777777777779,-0.04166666666666663,0.017987206719463494
1,4,Pressure,Kinematic,0.0,0.0,0.008238027832624971
1,4,Azimuth,Kinematic,0.0,0.0,0.0006911132623226082
1,4,Tilt,Kinematic,0.006944444444444531,-0.04166666666666663,0.011779141229919451
1,4,PenStatus,Kinematic,0.0,-0.04166666666666663,0.0003271885813961109
1,4,Vx,Kinematic,0.02777777777777779,0.0,0.06760459184352702
1,4,Vy,Kinematic,0.17361111111111116,0.16666666666666663,0.18559586940531114
1,4,Ax,Kinematic,1.1102230246251565e-16,-0.04166666666666663,-0.0006890640301636108
1,4,Ay,Kinematic,-0.01388888888888884,0.0,0.007346374428841042
1,4,Jx,Kinematic,0.0,0.0,-0.001142397194928646
1,4,Jy,Kinematic,-0.01388888888888884,-0.04166666666666663,-0.0011349139449838286
1,4,Age,Demographic,0.0,0.0,9.929987802905632e-05
1,4,Gender,Demographic,0.0,0.0,0.0006653785264843157
1,5,X,Kinematic,0.006944444444444531,-0.04166666666666663,0.0029586131861057616
1,5,Y,Kinematic,0.06944444444444442,0.08333333333333337,0.07112747997913992
1,5,Pressure,Kinematic,0.01388888888888884,0.04166666666666663,0.011364702937095073
1,5,Azimuth,Kinematic,-0.006944444444444309,-0.08333333333333337,-0.01709189122809259
1,5,Tilt,Kinematic,0.0,-0.08333333333333337,-0.004052871410628232
1,5,PenStatus,Kinematic,0.0,0.0,0.005034532719438857
1,5,Vx,Kinematic,0.00694444444444442,0.0,0.038711537293744755
1,5,Vy,Kinematic,0.22916666666666674,0.20833333333333337,0.21577538756205855
1,5,Ax,Kinematic,-0.006944444444444309,-0.04166666666666663,-0.0044861809945713
1,5,Ay,Kinematic,-0.01388888888888884,0.0,-2.0315812815835388e-05
1,5,Jx,Kinematic,-0.006944444444444309,-0.04166666666666663,-0.004969110990320026
1,5,Jy,Kinematic,-0.01388888888888884,0.0,3.663628371577965e-07
1,5,Age,Demographic,0.0,0.0,0.0001307096809320049
1,5,Gender,Demographic,0.0,0.0,6.813090290880286e-06
1,6,X,Kinematic,0.0,-0.04166666666666663,-0.001652002804749815
1,6,Y,Kinematic,0.13888888888888895,0.08333333333333337,0.120777153579499
1,6,Pressure,Kinematic,0.00694444444444442,0.0,0.008002081272515275
1,6,Azimuth,Kinematic,-0.006944444444444309,-0.04166666666666663,-0.016557510511385397
1,6,Tilt,Kinematic,0.0,-0.04166666666666663,-0.0005861341449028626
1,6,PenStatus,Kinematic,0.0,0.0,0.0028397380674318948
1,6,Vx,Kinematic,0.04166666666666674,0.16666666666666663,0.10920769320164678
1,6,Vy,Kinematic,0.1527777777777779,0.16666666666666663,0.14077133278191412
1,6,Ax,Kinematic,-0.01388888888888884,-0.04166666666666663,-0.011460658163785602
1,6,Ay,Kinematic,1.1102230246251565e-16,0.0,0.024712261799288857
1,6,Jx,Kinematic,0.0,0.0,-0.008235905683140025
1,6,Jy,Kinematic,-0.01388888888888884,-0.04166666666666663,-0.0036496493824647036
1,6,Age,Demographic,0.0,0.0,0.00015839151185861183
1,6,Gender,Demographic,0.0,0.0,-2.6419348030402856e-05
1,7,X,Kinematic,0.00694444444444442,-0.04166666666666663,0.0005804283497833351
1,7,Y,Kinematic,0.08333333333333337,0.04166666666666663,0.09202330234897962
1,7,Pressure,Kinematic,0.01388888888888895,0.0,0.019081832558048017
1,7,Azimuth,Kinematic,-0.006944444444444309,-0.04166666666666663,-0.012448947826231398
1,7,Tilt,Kinematic,0.0,-0.08333333333333337,-0.008764566681183583
1,7,PenStatus,Kinematic,0.0,0.0,0.0033292497935442644
1,7,Vx,Kinematic,0.02083333333333337,0.0,0.03580519120166399
1,7,Vy,Kinematic,0.04861111111111116,0.08333333333333337,0.10883529478090001
1,7,Ax,Kinematic,-0.01388888888888884,-0.04166666666666663,-0.01032051913849074
1,7,Ay,Kinematic,-0.01388888888888884,0.0,0.009475256042098847
1,7,Jx,Kinematic,0.0,0.0,0.001882318415055706
1,7,Jy,Kinematic,-0.006944444444444309,-0.04166666666666663,0.01663945471382243
1,7,Age,Demographic,0.0,0.0,6.78311264197054e-05
1,7,Gender,Demographic,0.0,0.0,0.0008714710586518945
1,8,X,Kinematic,0.006944444444444531,-0.04166666666666663,-0.0003724592534845375
1,8,Y,Kinematic,0.08333333333333337,-0.04166666666666663,0.042584896314029896
1,8,Pressure,Kinematic,0.00694444444444442,0.0,0.02094117606568599
1,8,Azimuth,Kinematic,0.0,0.0,0.0038129109351543386
1,8,Tilt,Kinematic,0.0,0.0,-0.0016454678751099405
1,8,PenStatus,Kinematic,0.0,0.0,0.005131316723837653
1,8,Vx,Kinematic,0.04166666666666674,0.16666666666666663,0.08147100726422618
1,8,Vy,Kinematic,0.05555555555555558,0.125,0.13540540318060412
1,8,Ax,Kinematic,-0.01388888888888884,-0.04166666666666663,-0.011322341809310459
1,8,Ay,Kinematic,0.01388888888888884,0.04166666666666663,0.035600066975106856
1,8,Jx,Kinematic,0.01388888888888895,0.0,0.01808833900951201
1,8,Jy,Kinematic,-0.01388888888888884,-0.04166666666666663,-0.008009971157036298
1,8,Age,Demographic,0.0,0.0,0.00016265138426455744
1,8,Gender,Demographic,0.0,0.0,1.7394747684244816e-05
2,1,X,Kinematic,0.04195804195804198,0.125,0.08453848307031891
2,1,Y,Kinematic,0.14685314685314677,0.08333333333333337,0.0687906760302219
2,1,Pressure,Kinematic,0.0,0.0,-0.018042757528202336
2,1,Azimuth,Kinematic,-0.006993006993006978,0.0,-0.020017943987750267
2,1,Tilt,Kinematic,0.020979020979020935,0.04166666666666663,0.004509456786100402
2,1,PenStatus,Kinematic,-0.006993006993006978,0.0,-0.008571293069403074
2,1,Vx,Kinematic,-0.0699300699300699,-0.08333333333333337,-0.09587107901360188
2,1,Vy,Kinematic,0.1048951048951049,0.08333333333333337,0.05532226729014669
2,1,Ax,Kinematic,-0.027972027972027913,0.04166666666666663,0.002950830546176314
2,1,Ay,Kinematic,0.0,0.04166666666666663,0.0030832948259113258
2,1,Jx,Kinematic,-0.013986013986013957,0.04166666666666663,0.005020884364695805
2,1,Jy,Kinematic,0.04195804195804198,0.04166666666666663,0.021150225508754422
2,1,Age,Demographic,0.0,0.0,0.00016139510602719565
2,1,Gender,Demographic,0.006993006993006978,0.0,0.004047086222982582
2,2,X,Kinematic,0.03496503496503489,0.125,0.08101415271411946
2,2,Y,Kinematic,0.09790209790209792,0.08333333333333337,0.05765063855998345
2,2,Pressure,Kinematic,-0.020979020979020935,0.04166666666666663,0.0314467796681929
2,2,Azimuth,Kinematic,-1.1102230246251565e-16,-0.04166666666666663,-0.02257259675528407
2,2,Tilt,Kinematic,0.04195804195804198,0.04166666666666663,0.01712306464511376
2,2,PenStatus,Kinematic,-0.006993006993006978,0.0,-0.010690190954681197
2,2,Vx,Kinematic,0.006993006993006978,0.04166666666666663,0.0013969305258580422
2,2,Vy,Kinematic,0.05594405594405594,0.125,0.048379575670379565
2,2,Ax,Kinematic,-0.020979020979020935,0.0,-0.005061842228051505
2,2,Ay,Kinematic,0.006993006993007089,0.0,-0.02221548250775747
2,2,Jx,Kinematic,-0.013986013986013957,0.0,-0.007270428733226766
2,2,Jy,Kinematic,0.020979020979021046,0.0,0.002676217213305937
2,2,Age,Demographic,-0.006993006993006978,0.0,-0.0011533103157998353
2,2,Gender,Demographic,0.006993006993006978,0.0,0.00024366019567748087
2,3,X,Kinematic,0.013986013986014068,0.08333333333333337,0.08700379706907199
2,3,Y,Kinematic,0.11888111888111896,0.125,0.09291864950884338
2,3,Pressure,Kinematic,0.006993006993006978,0.0,0.004246511531492747
2,3,Azimuth,Kinematic,-0.020979020979020935,0.0,0.014791156080496831
2,3,Tilt,Kinematic,0.013986013986013957,0.0,-0.002959078008315283
2,3,PenStatus,Kinematic,-0.006993006993006978,0.0,-0.016330650261858218
2,3,Vx,Kinematic,0.027972027972028024,0.08333333333333337,0.04177472260484233
2,3,Vy,Kinematic,0.027972027972028024,0.08333333333333337,0.0032004016509416533
2,3,Ax,Kinematic,-0.027972027972027913,0.04166666666666663,-0.0014794655650898353
2,3,Ay,Kinematic,-0.006993006993006867,0.04166666666666663,-0.006559619969794497
2,3,Jx,Kinematic,-0.027972027972027913,0.04166666666666663,-0.02353899881779488
2,3,Jy,Kinematic,-0.03496503496503489,0.0,-0.019321466290819822
2,3,Age,Demographic,0.0,0.0,-0.0010074276433466173
2,3,Gender,Demographic,0.006993006993006978,0.0,0.0016819856417604473
2,4,X,Kinematic,0.027972027972028024,0.08333333333333337,0.09078615396112497
2,4,Y,Kinematic,0.06293706293706303,0.04166666666666663,0.024773254843742043
2,4,Pressure,Kinematic,0.013986013986013957,0.0,0.009835807200878871
2,4,Azimuth,Kinematic,-0.006993006993006978,-0.04166666666666663,-0.02436338848088558
2,4,Tilt,Kinematic,0.034965034965035,0.0,0.010247805395201953
2,4,PenStatus,Kinematic,0.013986013986014068,0.0,-0.009335623837215298
2,4,Vx,Kinematic,-0.006993006993006978,0.08333333333333337,0.012047372924340022
2,4,Vy,Kinematic,0.09090909090909094,0.08333333333333337,0.05392744544016434
2,4,Ax,Kinematic,0.006993006993006978,0.0,-0.0015296506046236225
2,4,Ay,Kinematic,0.034965034965035,0.04166666666666663,0.007309631964397489
2,4,Jx,Kinematic,-0.027972027972027913,0.0,-0.007492774841849167
2,4,Jy,Kinematic,0.013986013986014068,0.08333333333333337,0.039175460682254
2,4,Age,Demographic,0.0,0.0,-0.0002676992640440745
2,4,Gender,Demographic,0.006993006993006978,0.0,0.00024124107848824683
2,5,X,Kinematic,0.06293706293706292,0.08333333333333337,0.04028377389677626
2,5,Y,Kinematic,0.12587412587412583,0.04166666666666663,0.022258790889214175
2,5,Pressure,Kinematic,-0.04895104895104885,0.0,0.000985508098011817
2,5,Azimuth,Kinematic,-0.020979020979020935,-0.04166666666666663,-0.01970056228411371
2,5,Tilt,Kinematic,-0.006993006993006978,0.0,-0.009100970079689727
2,5,PenStatus,Kinematic,-0.013986013986013957,-0.04166666666666663,-0.019237732864033782
2,5,Vx,Kinematic,0.020979020979021046,0.125,0.0648199425757636
2,5,Vy,Kinematic,0.16083916083916094,0.20833333333333337,0.13117484863474071
2,5,Ax,Kinematic,0.013986013986014068,0.0,0.0014399482146579268
2,5,Ay,Kinematic,-0.034965034965035,0.04166666666666663,-0.038671110104940176
2,5,Jx,Kinematic,-0.03496503496503489,0.04166666666666663,-0.014166229139253153
2,5,Jy,Kinematic,-0.04195804195804198,0.0,-0.03932771550797319
2,5,Age,Demographic,0.0,0.0,0.0006170640079518341
2,5,Gender,Demographic,0.0,0.0,-5.786675003910391e-05
2,6,X,Kinematic,0.020979020979021046,0.04166666666666663,0.029938939379800467
2,6,Y,Kinematic,0.06293706293706292,0.04166666666666663,0.025655083058602313
2,6,Pressure,Kinematic,0.020979020979021046,0.08333333333333337,0.05250240622403618
2,6,Azimuth,Kinematic,-0.013986013986014068,0.0,-0.01990128840381812
2,6,Tilt,Kinematic,-0.020979020979020935,0.0,-0.004949633727730995
2,6,PenStatus,Kinematic,-0.020979020979020935,0.0,-0.010403074734567697
2,6,Vx,Kinematic,1.1102230246251565e-16,0.125,0.04749805077346855
2,6,Vy,Kinematic,0.06993006993007,0.04166666666666663,0.03422923796388708
2,6,Ax,Kinematic,-0.020979020979020935,0.0,-0.005467849532575078
2,6,Ay,Kinematic,-0.020979020979020935,0.04166666666666663,-0.0025613747272179715
2,6,Jx,Kinematic,-0.027972027972027802,0.04166666666666663,-0.001494415841538213
2,6,Jy,Kinematic,0.0,0.04166666666666663,0.01695552380489182
2,6,Age,Demographic,0.0,0.0,0.0005301743926658109
2,6,Gender,Demographic,0.006993006993006978,0.0,0.0024309734278037953
2,7,X,Kinematic,0.04895104895104896,0.08333333333333337,0.04455404541200017
2,7,Y,Kinematic,0.11888111888111885,0.08333333333333337,0.07218211051725712
2,7,Pressure,Kinematic,0.06293706293706292,0.0,-0.0023784353232591954
2,7,Azimuth,Kinematic,-0.006993006993006978,-0.04166666666666663,-0.023541307213935866
2,7,Tilt,Kinematic,0.0699300699300699,0.04166666666666663,0.009802619068545432
2,7,PenStatus,Kinematic,-0.006993006993006978,0.0,0.008549978351558685
2,7,Vx,Kinematic,0.013986013986014068,0.08333333333333337,0.05928006919324297
2,7,Vy,Kinematic,0.1398601398601399,0.25,0.17336047791308984
2,7,Ax,Kinematic,-0.027972027972027913,0.04166666666666663,0.0030812153521617147
2,7,Ay,Kinematic,1.1102230246251565e-16,0.08333333333333337,0.020928699041643267
2,7,Jx,Kinematic,-0.020979020979020935,0.04166666666666663,0.001028304620923598
2,7,Jy,Kinematic,1.1102230246251565e-16,0.04166666666666663,0.010088962603954366
2,7,Age,Demographic,0.0,0.0,-7.618199516543078e-06
2,7,Gender,Demographic,0.0,0.0,0.003967090792816319
2,8,X,Kinematic,-0.013986013986013957,0.08333333333333337,0.0660539188063865
2,8,Y,Kinematic,0.2027972027972027,0.16666666666666663,0.1247390002696856
2,8,Pressure,Kinematic,-0.027972027972027913,0.04166666666666663,0.014934839939222344
2,8,Azimuth,Kinematic,0.006993006993006978,0.0,0.014760387508344852
2,8,Tilt,Kinematic,0.013986013986013957,0.0,-0.023073424096353767
2,8,PenStatus,Kinematic,-0.013986013986013845,0.0,-0.0002530870748770203
2,8,Vx,Kinematic,0.034965034965035,0.08333333333333337,0.034258444855475495
2,8,Vy,Kinematic,0.04195804195804209,0.04166666666666663,0.008704446478461386
2,8,Ax,Kinematic,0.006993006993006978,0.04166666666666663,0.0075750516573373505
2,8,Ay,Kinematic,-0.013986013986013845,0.04166666666666663,-0.0046361536790570645
2,8,Jx,Kinematic,-0.03496503496503489,0.04166666666666663,-0.021863588139401202
2,8,Jy,Kinematic,-0.013986013986013845,0.04166666666666663,-0.003703883894372581
2,8,Age,Demographic,0.0,0.0,-0.0003684392821741711
2,8,Gender,Demographic,0.006993006993006978,0.0,0.00019487973904763756
3,1,X,Kinematic,0.006993006993006867,0.0,-0.0007621637926825686
3,1,Y,Kinematic,0.11888111888111863,0.08333333333333337,0.0811646859078702
3,1,Pressure,Kinematic,0.013986013986013845,0.08333333333333337,0.012319790487274052
3,1,Azimuth,Kinematic,0.006993006993006756,-0.08333333333333337,-0.03788272195649331
3,1,Tilt,Kinematic,0.0,0.0,0.004920492852124189
3,1,PenStatus,Kinematic,0.006993006993006867,0.0,0.0017243821437897544
3,1,Vx,Kinematic,-0.013986013986014179,-0.04166666666666663,-0.02182468893388642
3,1,Vy,Kinematic,0.03496503496503478,0.08333333333333337,0.04260834078372307
3,1,Ax,Kinematic,0.006993006993006867,0.0,4.5428618946505295e-05
3,1,Ay,Kinematic,-0.006993006993007089,0.0,-0.010746011729319119
3,1,Jx,Kinematic,0.006993006993006867,0.0,0.0015979734562862336
3,1,Jy,Kinematic,-1.1102230246251565e-16,0.0,0.008933100911836786
3,1,Age,Demographic,0.0,0.0,0.00017941398865654878
3,1,Gender,Demographic,0.0,0.0,-0.0016417753375873867
3,2,X,Kinematic,0.027972027972027802,0.08333333333333337,0.03563465625407018
3,2,Y,Kinematic,0.10489510489510478,0.125,0.09797394925669407
3,2,Pressure,Kinematic,0.020979020979020824,0.04166666666666663,0.017414850799018125
3,2,Azimuth,Kinematic,-0.027972027972028135,-0.04166666666666663,-0.01838815298628632
3,2,Tilt,Kinematic,0.0,0.0,0.006847884494450007
3,2,PenStatus,Kinematic,-0.006993006993007089,0.0,-0.006232215876616223
3,2,Vx,Kinematic,-0.006993006993007089,-0.04166666666666663,-0.009952862039395521
3,2,Vy,Kinematic,-0.006993006993007089,0.04166666666666663,-0.0035926798410776534
3,2,Ax,Kinematic,0.006993006993006867,0.04166666666666663,-0.00045987630914141875
3,2,Ay,Kinematic,0.006993006993006867,0.0,0.0025703748195379655
3,2,Jx,Kinematic,0.006993006993006867,0.0,0.005607289748666838
3,2,Jy,Kinematic,0.013986013986013845,0.04166666666666663,0.024931574540166937
3,2,Age,Demographic,0.0,0.0,0.0007600059685954619
3,2,Gender,Demographic,0.0,0.0,-0.0014149834135410294
3,3,X,Kinematic,-1.1102230246251565e-16,-0.04166666666666663,-0.026650315593283874
3,3,Y,Kinematic,0.1608391608391606,0.08333333333333337,0.10178322385127993
3,3,Pressure,Kinematic,0.020979020979020824,0.04166666666666663,0.009616902411180406
3,3,Azimuth,Kinematic,0.0,0.0,-0.0006868382765443798
3,3,Tilt,Kinematic,0.0,0.0,0.0020908943807385616
3,3,PenStatus,Kinematic,-0.013986013986014068,0.0,-0.012762158540538637
3,3,Vx,Kinematic,0.006993006993006867,0.0,0.0058499255354425295
3,3,Vy,Kinematic,0.0629370629370627,0.08333333333333337,0.04598909363044658
3,3,Ax,Kinematic,0.006993006993006867,0.0,0.007332589640557136
3,3,Ay,Kinematic,0.006993006993006867,0.04166666666666663,0.008812366458605378
3,3,Jx,Kinematic,-0.006993006993007089,-0.04166666666666663,-0.012276313470492628
3,3,Jy,Kinematic,0.006993006993006867,0.04166666666666663,0.02068233246505312
3,3,Age,Demographic,0.0,0.0,6.472145942830465e-05
3,3,Gender,Demographic,0.0,0.0,-4.4853029431538016e-05
3,4,X,Kinematic,0.027972027972027802,0.08333333333333337,0.013724488454215297
3,4,Y,Kinematic,0.15384615384615363,0.08333333333333337,0.10559278929597056
3,4,Pressure,Kinematic,0.020979020979020824,0.08333333333333337,0.017573426642276305
3,4,Azimuth,Kinematic,-0.013986013986014179,-0.04166666666666663,-0.022339119648102715
3,4,Tilt,Kinematic,0.0,0.0,0.0015599274819534381
3,4,PenStatus,Kinematic,-0.006993006993007089,0.0,-0.002533865248725592
3,4,Vx,Kinematic,-0.013986013986014179,-0.04166666666666663,-0.030081742594614436
3,4,Vy,Kinematic,0.006993006993006867,0.0,-0.002789205127752506
3,4,Ax,Kinematic,0.006993006993006867,0.0,0.0017128709125039249
3,4,Ay,Kinematic,0.0,0.0,-0.009872883785156439
3,4,Jx,Kinematic,0.013986013986013845,0.04166666666666663,0.010227411550967513
3,4,Jy,Kinematic,-0.006993006993007089,0.04166666666666663,0.011075427556889533
3,4,Age,Demographic,0.0,0.0,0.0004625259083239075
3,4,Gender,Demographic,0.0,0.0,0.000800450210625081
3,5,X,Kinematic,0.006993006993006867,0.0,-0.004482408075021094
3,5,Y,Kinematic,0.1328671328671327,0.125,0.11522361131733076
3,5,Pressure,Kinematic,0.020979020979020824,0.04166666666666663,0.013827205937479256
3,5,Azimuth,Kinematic,0.0,0.0,0.012064243452037438
3,5,Tilt,Kinematic,0.0,0.0,0.0038006412869067557
3,5,PenStatus,Kinematic,-1.1102230246251565e-16,0.0,-0.009677364043846115
3,5,Vx,Kinematic,-0.006993006993007089,0.04166666666666663,0.006100893627957446
3,5,Vy,Kinematic,0.013986013986013845,0.0,-0.004595658366270461
3,5,Ax,Kinematic,0.006993006993006867,0.0,0.003926159694381301
3,5,Ay,Kinematic,0.0,0.0,-0.007397173061743784
3,5,Jx,Kinematic,0.0,0.0,-0.007824080663612454
3,5,Jy,Kinematic,0.006993006993006867,0.0,0.00257937982177657
3,5,Age,Demographic,0.0,0.0,0.0001486445786228474
3,5,Gender,Demographic,0.0,0.0,0.0004949166321137621
3,6,X,Kinematic,0.006993006993006867,0.0,-0.006147542528001537
3,6,Y,Kinematic,0.10489510489510478,0.08333333333333337,0.07976411212065705
3,6,Pressure,Kinematic,0.020979020979020824,0.0,0.011278789966200506
3,6,Azimuth,Kinematic,-1.1102230246251565e-16,0.0,0.010669821169274701
3,6,Tilt,Kinematic,0.0,0.0,0.003888597879256217
3,6,PenStatus,Kinematic,-0.013986013986014068,0.0,-0.011012800241019097
3,6,Vx,Kinematic,0.006993006993006867,0.04166666666666663,0.020575946145093713
3,6,Vy,Kinematic,-0.006993006993007089,-0.04166666666666663,-0.025881292620410973
3,6,Ax,Kinematic,0.006993006993006867,0.04166666666666663,0.009939537393178474
3,6,Ay,Kinematic,0.006993006993006867,0.04166666666666663,0.006239895782000612
3,6,Jx,Kinematic,0.013986013986013845,0.04166666666666663,0.017245231576131684
3,6,Jy,Kinematic,-0.013986013986014179,0.0,-0.012901553290355541
3,6,Age,Demographic,0.0,0.0,0.00038552422176729717
3,6,Gender,Demographic,0.0,0.0,-0.0016766934444405052
3,7,X,Kinematic,-1.1102230246251565e-16,0.0,-0.013135190026338756
3,7,Y,Kinematic,0.055944055944055826,0.125,0.07102741372709793
3,7,Pressure,Kinematic,0.006993006993006867,0.0,0.0031016462221859498
3,7,Azimuth,Kinematic,-1.1102230246251565e-16,0.0,0.005497556396435704
3,7,Tilt,Kinematic,0.0,0.0,0.003155286329429574
3,7,PenStatus,Kinematic,-0.013986013986014068,0.0,-0.010067024566051325
3,7,Vx,Kinematic,0.04195804195804187,0.08333333333333337,0.05904986726921281
3,7,Vy,Kinematic,0.020979020979020824,0.04166666666666663,0.03314239494488781
3,7,Ax,Kinematic,0.0,0.04166666666666663,-0.001590163323281657
3,7,Ay,Kinematic,-0.006993006993007089,0.0,-0.0038992196830445747
3,7,Jx,Kinematic,0.006993006993006867,0.04166666666666663,0.0074269668961309265
3,7,Jy,Kinematic,-0.006993006993007089,0.04166666666666663,-0.0002168845413296483
3,7,Age,Demographic,0.0,0.0,0.000243354141017893
3,7,Gender,Demographic,0.0,0.0,-7.835255242311101e-06
3,8,X,Kinematic,0.020979020979020824,0.0,0.010324225744853838
3,8,Y,Kinematic,0.09090909090909072,0.08333333333333337,0.06791483246957265
3,8,Pressure,Kinematic,0.013986013986013845,0.04166666666666663,0.014131093543608628
3,8,Azimuth,Kinematic,-1.1102230246251565e-16,0.0,0.001963021164097134
3,8,Tilt,Kinematic,0.0,0.0,0.0014204050485348563
3,8,PenStatus,Kinematic,-1.1102230246251565e-16,0.0,0.0038901241776410495
3,8,Vx,Kinematic,-0.013986013986014068,0.04166666666666663,-0.0018515083671491739
3,8,Vy,Kinematic,0.055944055944055826,0.08333333333333337,0.041973004951679535
3,8,Ax,Kinematic,0.0,0.04166666666666663,-0.004629839576290373
3,8,Ay,Kinematic,-0.006993006993007089,-0.04166666666666663,-0.02253266026986575
3,8,Jx,Kinematic,0.013986013986013845,0.04166666666666663,0.016258543928571137
3,8,Jy,Kinematic,-0.013986013986014179,0.0,-0.013022799105348315
3,8,Age,Demographic,0.0,0.0,0.0002011802709324384
3,8,Gender,Demographic,0.0,0.0,-0.0014251972076504
4,1,X,Kinematic,0.0,-0.04166666666666663,0.0016972059437581968
4,1,Y,Kinematic,0.027972027972027913,0.04166666666666663,0.04082931648820794
4,1,Pressure,Kinematic,0.0,0.0,0.006588265725191257
4,1,Azimuth,Kinematic,0.0,-0.04166666666666663,-0.002116987836509661
4,1,Tilt,Kinematic,0.0,-0.04166666666666663,0.0006021441516839143
4,1,PenStatus,Kinematic,0.0,-0.08333333333333337,-0.009456611058844683
4,1,Vx,Kinematic,0.0,0.04166666666666663,0.030909751138562022
4,1,Vy,Kinematic,0.034965034965035,0.125,0.06220288982170734
4,1,Ax,Kinematic,0.0,0.0,0.0002605125852586168
4,1,Ay,Kinematic,0.0,0.0,0.004692539155683885
4,1,Jx,Kinematic,0.0,0.0,0.004377186893202024
4,1,Jy,Kinematic,0.0,0.0,0.006651770745652395
4,1,Age,Demographic,0.0,0.0,0.00021306904442488367
4,1,Gender,Demographic,0.0,0.0,0.00027315771228950125
4,2,X,Kinematic,0.0,-0.08333333333333337,-0.005018036608034078
4,2,Y,Kinematic,0.020979020979021046,0.04166666666666663,0.033336212226782
4,2,Pressure,Kinematic,0.0,-0.04166666666666663,0.002124481875576033
4,2,Azimuth,Kinematic,0.0,0.0,-0.0016229906321624243
4,2,Tilt,Kinematic,0.0,-0.08333333333333337,-0.001580251032035157
4,2,PenStatus,Kinematic,0.0,-0.08333333333333337,-0.011603624556316625
4,2,Vx,Kinematic,0.0,0.0,0.015511915218127045
4,2,Vy,Kinematic,0.09090909090909083,0.125,0.09379254141476998
4,2,Ax,Kinematic,0.0,0.0,0.00029915293795531456
4,2,Ay,Kinematic,0.0,0.0,0.009699249613003613
4,2,Jx,Kinematic,0.0,0.0,0.00011620963752271424
4,2,Jy,Kinematic,0.0,0.0,0.00015818511940854374
4,2,Age,Demographic,0.0,0.0,0.00020862142526878458
4,2,Gender,Demographic,0.0,0.0,-0.0003229137377226618
4,3,X,Kinematic,0.0,-0.125,-0.028597477710009218
4,3,Y,Kinematic,0.0,0.0,0.009042487381957232
4,3,Pressure,Kinematic,0.0,-0.04166666666666663,-0.0003813708657862194
4,3,Azimuth,Kinematic,0.0,0.0,-0.003162827017401955
4,3,Tilt,Kinematic,0.0,-0.04166666666666663,0.00218873455986842
4,3,PenStatus,Kinematic,0.0,-0.08333333333333337,-0.012192095514125006
4,3,Vx,Kinematic,0.0,0.0,0.0032740725190405842
4,3,Vy,Kinematic,0.04895104895104896,0.125,0.09711703310487371
4,3,Ax,Kinematic,0.0,0.0,0.00017695947122717964
4,3,Ay,Kinematic,0.0,0.0,0.009658545319268574
4,3,Jx,Kinematic,0.0,0.0,0.001192010082378979
4,3,Jy,Kinematic,0.0,0.0,0.0007390403402351697
4,3,Age,Demographic,0.0,0.0,7.848947048558902e-05
4,3,Gender,Demographic,0.0,0.0,-4.628004175958461e-05
4,4,X,Kinematic,0.0,-0.04166666666666663,0.008586080676610201
4,4,Y,Kinematic,0.0,0.0,0.021803895407686028
4,4,Pressure,Kinematic,0.0,-0.08333333333333337,-0.005518582125675263
4,4,Azimuth,Kinematic,0.0,0.0,0.0006382619247839519
4,4,Tilt,Kinematic,0.0,-0.04166666666666663,0.0007769279028559395
4,4,PenStatus,Kinematic,0.0,-0.08333333333333337,-0.02011387274637664
4,4,Vx,Kinematic,0.0,0.0,0.005996793957473434
4,4,Vy,Kinematic,0.04195804195804187,0.125,0.06540299223016216
4,4,Ax,Kinematic,0.0,0.0,0.00043526179388852365
4,4,Ay,Kinematic,0.0,0.0,0.00834347945427008
4,4,Jx,Kinematic,0.0,0.0,0.00029834943806304054
4,4,Jy,Kinematic,0.0,0.0,0.008178539284198393
4,4,Age,Demographic,0.0,0.0,0.0003606590521217576
4,4,Gender,Demographic,0.0,0.0,0.00011275326395684265
4,5,X,Kinematic,0.0,-0.08333333333333337,-0.02211682801066933
4,5,Y,Kinematic,0.04195804195804187,0.08333333333333337,0.06748428494557406
4,5,Pressure,Kinematic,0.0,-0.04166666666666663,-0.003046320254019637
4,5,Azimuth,Kinematic,0.0,0.0,-0.000799596848433809
4,5,Tilt,Kinematic,0.0,-0.04166666666666663,-9.085317923750863e-05
4,5,PenStatus,Kinematic,0.0,-0.04166666666666663,-0.005288558653475044
4,5,Vx,Kinematic,0.013986013986013957,0.04166666666666663,0.03871192059884476
4,5,Vy,Kinematic,0.027972027972027913,0.08333333333333337,0.06247444496235739
4,5,Ax,Kinematic,0.0,0.0,0.0005554718031162767
4,5,Ay,Kinematic,0.0,0.0,0.003932034007216617
4,5,Jx,Kinematic,0.0,0.0,0.0003033065385649736
4,5,Jy,Kinematic,0.0,0.0,0.0006487712277832361
4,5,Age,Demographic,0.0,0.0,9.890017043952953e-05
4,5,Gender,Demographic,0.0,0.0,-0.0005985604145287635
4,6,X,Kinematic,0.0,-0.04166666666666663,-0.015298413779278007
4,6,Y,Kinematic,0.020979020979021046,0.0,0.011765288171040666
4,6,Pressure,Kinematic,0.0,-0.04166666666666663,-0.005902109827485014
4,6,Azimuth,Kinematic,0.0,-0.04166666666666663,-0.0044470223830699665
4,6,Tilt,Kinematic,0.0,-0.08333333333333337,-0.011643677334854878
4,6,PenStatus,Kinematic,0.0,-0.08333333333333337,-0.004990573070712857
4,6,Vx,Kinematic,0.0,0.04166666666666663,0.0125171576074644
4,6,Vy,Kinematic,0.04195804195804198,0.04166666666666663,0.05141242374507056
4,6,Ax,Kinematic,0.0,0.0,0.0005738376413185961
4,6,Ay,Kinematic,0.0,0.0,0.009383201463918196
4,6,Jx,Kinematic,0.0,0.0,0.007335868279471802
4,6,Jy,Kinematic,0.0,0.0,0.006136493269980982
4,6,Age,Demographic,0.0,0.0,8.856136724531144e-05
4,6,Gender,Demographic,0.0,0.0,-0.0003361669334116593
4,7,X,Kinematic,0.0,0.0,0.006103124725025499
4,7,Y,Kinematic,0.0,0.04166666666666663,0.04029231907861236
4,7,Pressure,Kinematic,0.006993006993006978,-0.04166666666666663,0.012931475413253679
4,7,Azimuth,Kinematic,0.0,0.0,-0.002301503135684446
4,7,Tilt,Kinematic,0.0,-0.04166666666666663,0.002681520299501694
4,7,PenStatus,Kinematic,0.0,-0.08333333333333337,-0.011271757423490465
4,7,Vx,Kinematic,0.020979020979020935,0.04166666666666663,0.04956394464649094
4,7,Vy,Kinematic,0.034965034965035,0.04166666666666663,0.04609934724609788
4,7,Ax,Kinematic,0.0,0.0,0.002911167476707638
4,7,Ay,Kinematic,0.0,0.0,0.002999822051494773
4,7,Jx,Kinematic,0.0,0.0,0.0024129102583773307
4,7,Jy,Kinematic,0.0,0.0,0.0002387025340947549
4,7,Age,Demographic,0.0,0.0,-8.555690995384196e-05
4,7,Gender,Demographic,0.0,0.0,0.0002067661682250907
4,8,X,Kinematic,0.0,0.0,0.002051136098426075
4,8,Y,Kinematic,0.0,0.0,0.0052484208919351474
4,8,Pressure,Kinematic,0.0,-0.04166666666666663,-0.00546900716863976
4,8,Azimuth,Kinematic,0.0,0.0,-0.00040461641166525397
4,8,Tilt,Kinematic,0.0,-0.04166666666666663,-0.003000586772806492
4,8,PenStatus,Kinematic,0.0,-0.08333333333333337,-0.009104508905852966
4,8,Vx,Kinematic,0.013986013986013957,0.08333333333333337,0.05242197581466816
4,8,Vy,Kinematic,0.027972027972027913,0.08333333333333337,0.052322561862660835
4,8,Ax,Kinematic,0.0,0.0,0.00044735083967665373
4,8,Ay,Kinematic,0.0,0.0,0.006098433915748103
4,8,Jx,Kinematic,0.0,0.0,0.0002953733854688112
4,8,Jy,Kinematic,0.0,0.0,0.00030731559750128007
4,8,Age,Demographic,0.0,0.0,0.00018007385111334928
4,8,Gender,Demographic,0.0,0.0,-0.0005059366869643589
5,1,X,Kinematic,-0.03472222222222232,0.04166666666666663,0.02166087371272049
5,1,Y,Kinematic,-0.01388888888888895,0.0,-0.0015305744223056
5,1,Pressure,Kinematic,0.04166666666666652,0.04166666666666663,0.02971782915398112
5,1,Azimuth,Kinematic,-0.0625,0.0,-0.004718598584682501
5,1,Tilt,Kinematic,-0.02777777777777779,0.0,0.007050273037858865
5,1,PenStatus,Kinematic,-0.0625,0.0,-0.018795737317435925
5,1,Vx,Kinematic,0.0,0.0,-0.0012600938761393454
5,1,Vy,Kinematic,0.0972222222222221,0.125,0.09867180558153528
5,1,Ax,Kinematic,0.0,0.0,-0.011786950891824473
5,1,Ay,Kinematic,0.00694444444444442,0.0,0.0055108997672109195
5,1,Jx,Kinematic,0.0,-0.04166666666666674,-0.02712505391154319
5,1,Jy,Kinematic,0.0,-0.04166666666666674,-0.023231770001405756
5,1,Age,Demographic,0.0,0.0,-2.3132326726349461e-07
5,1,Gender,Demographic,0.0,0.0,-6.739474411987523e-06
5,2,X,Kinematic,-0.05555555555555569,0.0,-0.013809364769830614
5,2,Y,Kinematic,0.01388888888888884,0.16666666666666663,0.07279285925150532
5,2,Pressure,Kinematic,0.06249999999999989,0.0,0.01651712647451485
5,2,Azimuth,Kinematic,-0.06944444444444453,-0.04166666666666674,-0.04582790958686543
5,2,Tilt,Kinematic,-0.02083333333333337,0.0,0.011573890158037933
5,2,PenStatus,Kinematic,-0.006944444444444531,0.0,-0.009273571045889925
5,2,Vx,Kinematic,0.0,-0.04166666666666674,-0.01399395346631608
5,2,Vy,Kinematic,0.06944444444444442,0.08333333333333326,0.07269939204813493
5,2,Ax,Kinematic,0.0,0.0,-0.011617801837950095
5,2,Ay,Kinematic,0.00694444444444442,-0.04166666666666674,-0.015704137352414764
5,2,Jx,Kinematic,0.0,0.0,-0.012206873873437558
5,2,Jy,Kinematic,0.0,-0.04166666666666674,-0.022760164003098597
5,2,Age,Demographic,0.0,0.0,-3.6373759972480046e-06
5,2,Gender,Demographic,0.0,0.0,5.763371155786956e-05
5,3,X,Kinematic,-0.01388888888888895,0.08333333333333326,0.03738321507760639
5,3,Y,Kinematic,0.0,0.04166666666666663,0.008976519184823409
5,3,Pressure,Kinematic,0.0,0.04166666666666663,0.02537473760994889
5,3,Azimuth,Kinematic,-0.06944444444444453,-0.04166666666666674,-0.04312908103147413
5,3,Tilt,Kinematic,0.006944444444444309,0.0,0.01807479040632412
5,3,PenStatus,Kinematic,-0.0625,0.0,-0.022888178290782234
5,3,Vx,Kinematic,0.02777777777777768,0.04166666666666663,0.034217938527074165
5,3,Vy,Kinematic,0.06944444444444442,0.08333333333333326,0.06453874739341926
5,3,Ax,Kinematic,0.00694444444444442,0.0,-0.015672614789902242
5,3,Ay,Kinematic,0.0,-0.04166666666666674,-0.004835016433746175
5,3,Jx,Kinematic,0.0,-0.04166666666666674,-0.029144777051984365
5,3,Jy,Kinematic,0.0,-0.04166666666666674,-0.028696821933821767
5,3,Age,Demographic,0.0,0.0,1.2136179602939556e-07
5,3,Gender,Demographic,0.0,0.0,0.0013334493793654978
5,4,X,Kinematic,-0.04861111111111116,-0.04166666666666674,-0.03587849184746494
5,4,Y,Kinematic,-0.006944444444444531,0.04166666666666663,0.020639661308498758
5,4,Pressure,Kinematic,0.01388888888888884,0.04166666666666663,0.02198637970594111
5,4,Azimuth,Kinematic,-0.04166666666666685,0.0,-0.007501980945513936
5,4,Tilt,Kinematic,0.02083333333333326,0.0,0.01420385064285995
5,4,PenStatus,Kinematic,-0.06944444444444453,0.0,-0.025123368310789145
5,4,Vx,Kinematic,0.0,-0.04166666666666674,-0.022733929499801506
5,4,Vy,Kinematic,0.07638888888888884,0.08333333333333326,0.06445624117286582
5,4,Ax,Kinematic,0.0,0.0,-0.011852737825831773
5,4,Ay,Kinematic,0.00694444444444442,0.0,-0.00881328524742106
5,4,Jx,Kinematic,0.0,-0.04166666666666674,-0.016910480267266485
5,4,Jy,Kinematic,0.0,-0.04166666666666674,-0.022611536682620552
5,4,Age,Demographic,0.0,0.0,4.509492488119493e-06
5,4,Gender,Demographic,0.0,0.0,0.0005041270371001078
5,5,X,Kinematic,-0.04166666666666685,0.04166666666666663,0.011680359154520856
5,5,Y,Kinematic,-0.06944444444444453,-0.04166666666666674,-0.048103147647959074
5,5,Pressure,Kinematic,-0.006944444444444531,0.04166666666666663,0.0158096042670981
5,5,Azimuth,Kinematic,-0.013888888888889062,0.04166666666666663,0.03604857178292563
5,5,Tilt,Kinematic,0.04861111111111094,0.0,0.015711815132416457
5,5,PenStatus,Kinematic,0.0,0.0,-0.01414506385029999
5,5,Vx,Kinematic,0.01388888888888884,0.04166666666666663,0.0005245681403473479
5,5,Vy,Kinematic,0.09722222222222221,0.125,0.08433191256399243
5,5,Ax,Kinematic,0.0,-0.04166666666666674,-0.0198747799607739
5,5,Ay,Kinematic,0.00694444444444442,0.0,-0.003045688604953703
5,5,Jx,Kinematic,0.0,-0.04166666666666674,-0.022210471350119478
5,5,Jy,Kinematic,0.0,0.0,-0.0029731767874942583
5,5,Age,Demographic,0.0,0.0,6.5814624076177e-06
5,5,Gender,Demographic,0.0,0.0,-1.6816011943157627e-05
5,6,X,Kinematic,-0.06944444444444453,-0.04166666666666674,-0.052906114179384095
5,6,Y,Kinematic,0.0347222222222221,0.0,0.007409411310652578
5,6,Pressure,Kinematic,0.02777777777777779,0.08333333333333326,0.033756221689823646
5,6,Azimuth,Kinematic,-0.06944444444444453,-0.04166666666666674,-0.04129656742643734
5,6,Tilt,Kinematic,-0.01388888888888895,0.04166666666666663,0.017152192443897873
5,6,PenStatus,Kinematic,-0.04166666666666685,0.0,-0.017270003161423755
5,6,Vx,Kinematic,0.02777777777777779,0.04166666666666663,0.03738257180526053
5,6,Vy,Kinematic,0.1597222222222222,0.16666666666666663,0.1309581106705745
5,6,Ax,Kinematic,0.0,0.0,-0.012654994025051318
5,6,Ay,Kinematic,0.02083333333333337,0.0,-0.00020994241310108575
5,6,Jx,Kinematic,0.0,0.0,-0.005420350916008135
5,6,Jy,Kinematic,0.0,-0.04166666666666674,-0.020274800771679077
5,6,Age,Demographic,0.0,0.0,-7.252890699388503e-06
5,6,Gender,Demographic,0.0,0.0,0.0005271366733862748
5,7,X,Kinematic,-0.006944444444444642,0.04166666666666663,0.031054475998412767
5,7,Y,Kinematic,-0.006944444444444531,0.04166666666666663,0.022232763118281637
5,7,Pressure,Kinematic,0.02083333333333326,0.04166666666666663,0.03455129980641762
5,7,Azimuth,Kinematic,-0.0625,0.0,-0.006253951294432375
5,7,Tilt,Kinematic,-0.01388888888888895,0.0,0.005468669137903587
5,7,PenStatus,Kinematic,-0.006944444444444531,0.0,-0.012812019124730782
5,7,Vx,Kinematic,0.0,-0.04166666666666674,-0.02312358645833206
5,7,Vy,Kinematic,0.0347222222222221,0.08333333333333326,0.048747971436919335
5,7,Ax,Kinematic,0.0,0.0,-0.01138507392484036
5,7,Ay,Kinematic,0.00694444444444442,0.0,-0.009993373234146355
5,7,Jx,Kinematic,0.0,-0.04166666666666674,-0.01581457781290844
5,7,Jy,Kinematic,0.0,0.0,-0.012351143229961822
5,7,Age,Demographic,0.0,0.0,-6.183128769099433e-06
5,7,Gender,Demographic,0.0,0.0,0.0008604358574828136
5,8,X,Kinematic,-0.06944444444444453,-0.04166666666666674,-0.04342489708360722
5,8,Y,Kinematic,-0.04166666666666685,-0.04166666666666674,-0.02663887468088809
5,8,Pressure,Kinematic,0.02777777777777779,0.0,0.015038758007040562
5,8,Azimuth,Kinematic,-0.01388888888888895,0.0,-0.00654251582053153
5,8,Tilt,Kinematic,-1.1102230246251565e-16,0.04166666666666663,0.01640498811101264
5,8,PenStatus,Kinematic,-0.05555555555555569,0.0,-0.012604573410585442
5,8,Vx,Kinematic,0.01388888888888884,0.04166666666666663,0.013547065059114044
5,8,Vy,Kinematic,0.06944444444444431,0.08333333333333326,0.064615779965028
5,8,Ax,Kinematic,0.0,0.0,-0.007300089643103913
5,8,Ay,Kinematic,0.00694444444444442,0.0,0.013547892835640993
5,8,Jx,Kinematic,0.0,0.0,-0.0101239944458828
5,8,Jy,Kinematic,0.00694444444444442,0.0,0.0018405727185951265
5,8,Age,Demographic,0.0,0.0,3.0661900753264915e-06
5,8,Gender,Demographic,0.0,0.0,5.000781682792943e-05
